metric,mean,median
dom_content_loaded_event_diff,24.34494457687722,16.666999999997643
load_event_diff,7.972613428684945,0.0
response_diff,77.22641537544695,0.0
response_time,1104.1705401271354,650.0129999999999
