metric,mean,median
dom_content_loaded_event_diff,19.116028571428576,0.0
load_event_diff,4.78921142857141,0.0
response_diff,23.048080000000002,0.0
response_time,685.2381942857143,483.34299999999985
