metric,mean,median
dom_content_loaded_event_diff,17.153339905362785,0.0
load_event_diff,5.730924290220843,0.0
response_diff,36.554358832807566,0.0
response_time,675.7364376971608,500.00999999999976
